source,title,link,published,summary
Cointelegraph.com News,Twitter User Claims TradingView Has Ignored a Fibonacci Retracement Bug for 5 Years,https://cointelegraph.com/news/twitter-user-claims-tradingview-has-ignored-a-fibonacci-retracement-bug-for-5-years?utm_source=rss_feed&utm_medium=rss&utm_campaign=rss_partner_inbound,2019-06-18 12:04:00+00:00,"<p style=""float: right; margin: 0 0 10px 15px; width: 240px;""><img alt=""Twitter User Claims TradingView Has Ignored a Fibonacci Retracement Bug for 5 Years"" src=""https://images.cointelegraph.com/images/528_aHR0cHM6Ly9zMy5jb2ludGVsZWdyYXBoLmNvbS9zdG9yYWdlL3VwbG9hZHMvdmlldy9iNmQxM2ViMWYyZjdlYmUwMWQzYjZhZGRkMmNiM2M2MS5qcGc=.jpg"" /></p><p>Popular chart analysis service TradingView contains a bug in the Fibonacci retracement technical analysis tool.</p>"
Decrypt,Why Tokenized Stocks are Important: A Breakdown,https://decrypt.co/videos/interviews/DlQzVrtc/why-tokenized-stocks-are-important-a-breakdown,2025-07-29 14:18:32+00:00,"Why Tokenized Stocks are important: A Breakdown #Crypto #Tokenization #kraken 

Decrypt spoke to Kraken's global head of consumer, Mark Greenberg, to break down the world of tokenized stocks—and explore Kraken's entry into the space with its XStocks offering."
Decrypt,"PAYPAL EMBRACES CRYPTO, ALTCOIN TREASURIES BEGIN, STOCKS HIT ATH AGAIN",https://decrypt.co/videos/interviews/qfP9YlwR/paypal-embraces-crypto-altcoin-treasuries-begin-stocks-hit-ath-again,2025-07-29 15:26:41+00:00,"Allocate up to 15% of portfolio to BTC & Gold: Dalio. Paypal launches multi-crypto payments. Metamask launches stablecoin yield, SOL staking. Interactive Brokers weighs stablecoin. Strategy upsizes capital raise to $2.8b. Marathon Digital raises $950m debt to buy BTC. BitMine plans $1bn stock buyback. ETH ‘$6k by Christmas’ odds surge. Tron files $1bn mixed shelf offering. Upexi raises $500m to buy SOL. Mill City launches $450m SUI treasury. Nano Labs raises $500m debt to buy BNB. CEA Industries to launch $500m BNB treasury. Bit Origin to raise $500m for first DOGE treasury. SEC delays Grayscale SOL, Truth Social BTC ETF. CoinDCX denies sale talks with Coinbase. FIS, Circle collab to bring USDC payments to banks. EU needs stablecoins to counter US: ECB advisor"
Decrypt,"CRYPTOPUNKS SEE $8.2M IN TRADING VOLUME, CRYPTO MAJORS IN THE RED, PAYPAL ANNOUNCE ""PAY WITH CRYPTO""",https://decrypt.co/videos/interviews/VHGkYqN8/cryptopunks-see-82m-in-trading-volume-crypto-majors-in-the-red-paypal-announce-pay-with-crypto,2025-07-29 17:36:36+00:00,"Allocate up to 15% of portfolio to BTC & Gold: Dalio. Paypal launches multi-crypto payments. Metamask launches stablecoin yield, SOL staking. Interactive Brokers weighs stablecoin. Strategy upsizes capital raise to $2.8b. Marathon Digital raises $950m debt to buy BTC. BitMine plans $1bn stock buyback. ETH ‘$6k by Christmas’ odds surge. Tron files $1bn mixed shelf offering. Upexi raises $500m to buy SOL. Mill City launches $450m SUI treasury. Nano Labs raises $500m debt to buy BNB. CEA Industries to launch $500m BNB treasury. Bit Origin to raise $500m for first DOGE treasury. SEC delays Grayscale SOL, Truth Social BTC ETF. CoinDCX denies sale talks with Coinbase. FIS, Circle collab to bring USDC payments to banks. EU needs stablecoins to counter US: ECB advisor"
Decrypt,"BTC STABLE, SEC ALLOWS IN-KIND REDEMPTIONS, FED DECISION TODAY",https://decrypt.co/videos/interviews/ioFCfFCR/btc-stable-sec-allows-in-kind-redemptions-fed-decision-today,2025-07-30 15:33:32+00:00,"BTC broadly stable ahead of Fed decision today. SEC allows ETPs to use in-kind mechanisms. eToro launches tokenised US stocks on ETH. Lummis intros crypto collateral for mortgages bill. Strategy buys $2.4b BTC post equity raise. Twenty One Capital receives 5.8k BTC from Tether. BTCS to raise $2b to buy ETH. 180 Life Sciences to buy $425m ETH. ETH perp dominance overtakes BTC. Stablecoins are ETH’s ChatGPT moment: Tom Lee. Kraken seeks $15b valuation for IPO. Hyperliquid suffered server issues, denies exploit. Linea to burn ETH with 20% of fees. Rakbank first in UAE to offer crypto trading for retail"
Decrypt,"CRYPTO BOUNCES BACK, FED HOLDS STEADY, REKT NEARS ATH",https://decrypt.co/videos/interviews/BM6jwZ1X/crypto-bounces-back-fed-holds-steady-rekt-nears-ath,2025-07-31 15:22:53+00:00,"Crypto majors reverse overnight losses. WH releases crypto report, slight anti-climax. US must lead crypto revolution: Atkins. SEC outlines listing standards for crypto ETPs. ETH 10 year anniversary, key leaders at NASDAQ. Robinhood beats estimates as crypto revenue ~2x. Coinbase, JPM to link bank accounts to crypto wallets. Ether machine buys $57m ETH. Fundamental Global to buy $200m ETH. Hyperliquid announces refunds for downtime. CoinDCX employee arrested in relation to $44m hack"
Decrypt,"BTC ATH MONTHLY, TRUMP SPOOKS MARKETS, ALTCOINS LEAD FALLS",https://decrypt.co/videos/interviews/QG5lc45Y/btc-ath-monthly-trump-spooks-markets-altcoins-lead-falls,2025-08-01 15:44:45+00:00,"Bitcoin records ATH monthly close then falls. Altcoins lead crypto sell-off after mixed earnings. SEC launches ‘Project Crypto’ to tokenise assets. Most crypto assets are not securities: Atkins. Strategy reports $10b profit despite funding costs. Coinbase earnings mixed, stock falls 10%. Coinbase to expand to tokenized RWAs, stocks. Tether announces Q2 profits of $4.9bn. ETH treasuries hit $10b+. ETH Foundation maps 10yr plan for 10k TPS. Stablecoins now 18th largest holder of US treasuries. Jamie Dimon endorses stablecoins but not BTC. Issuers submit amended S-1 for SOL ETF. Visa integrates EURC, PYUSD, USDG. USDC, CCTP V2 coming to Hyperliquid: Circle. Mill City Ventures buys $278m SUI. HK kicks off stablecoin licensing regime"
Decrypt,"VOLATILE WEEKEND, XRP LEADS REBOUND, TRUMP FIRES BLS CHIEF",https://decrypt.co/videos/interviews/DnxzisxU/volatile-weekend-xrp-leads-rebound-trump-fires-bls-chief,2025-08-04 15:10:32+00:00,"XRP, DOGE lead crypto rebound after drop. BTC ETFs suffer 2nd largest single day outflow. Crypto ETFs bought ATH $12.8b in July. China cracks down on mainland crypto again. SEC to hold crypto roundtables across US. Buy the dips in BTC, ETH: Eric Trump. Metaplanet plans $3.7b equity raise to buy BTC. Galaxy Digital OTC whale buys $300m ETH. ETH ‘mega whales’ continue buying through dip. CFTC launches ‘crypto sprint’ alongside SEC. Binance opens BTC options writing to all users. Expect BTC to test $100k, ETH to $3k: Hayes. Coinbase stock down 19% last week. UK FCA to allow retail access to crypto ETNs. ENA leads altcoin gains as TVL tops $9bn"
Decrypt,"SOL LEADS MAJORS, HUGE ETF OUTFLOWS, PUMPFUN PROMISES CHANGES",https://decrypt.co/videos/interviews/hoTY417a/sol-leads-majors-huge-etf-outflows-pumpfun-promises-changes,2025-08-05 15:21:34+00:00,"Crypto rises as Fed pivot bets build, SOL leads. ETH sees ATH ETF outflow. BMNR bought 200k ETH in past week. Vitalik proposes multidimensional ETH fees. US set to fine banks for crypto discrimination. SEC issues guidance on stablecoin accounting. Chainlink launches US equity data streams. Anti-Crypto Warren is a LOSER: Trump. CFTC opens door to crypto futures exchanges. Coinbase, Paypal to offer stablecoin yield. Thiel backed Bullish files for IPO. Arkham uncovers $3.5bn crypto heist"
Decrypt,Debunking XRP Myths With Ripple CTO David Schwartz,https://decrypt.co/videos/interviews/1T1b4LlF/debunking-xrp-myths-with-ripple-cto-david-schwartz,2025-08-05 17:11:03+00:00,"Decrypt's André Beganski interviews Ripple Chief Technology Officer David Schwartz on all things XRP, Ripple, XRP Ledger, and the history of the network."
Decrypt,"RATE CUT ODDS SOAR, PROJECT CRYPTO, TRUMP TARIFFS",https://decrypt.co/videos/interviews/Q6HuVGk9/rate-cut-odds-soar-project-crypto-trump-tariffs,2025-08-05 18:22:07+00:00,"Crypto rises as Fed pivot bets build, SOL leads. ETH sees ATH ETF outflow. BMNR bought 200k ETH in past week. Vitalik proposes multidimensional ETH fees. US set to fine banks for crypto discrimination. SEC issues guidance on stablecoin accounting. Chainlink launches US equity data streams. Anti-Crypto Warren is a LOSER: Trump. CFTC opens door to crypto futures exchanges. Coinbase, Paypal to offer stablecoin yield. Thiel backed Bullish files for IPO. Arkham uncovers $3.5bn crypto heist"
Kraken Blog,PayPal funding is here for U.S. clients!,https://blog.kraken.com/news/paypal-us-clients,2025-08-06 13:27:10+00:00,"<p> <img alt="""" class=""attachment-medium size-medium wp-post-image"" height=""137"" src=""https://i0.wp.com/blog.kraken.com/wp-content/uploads/2025/07/Paypal-Blog%402x-1.png?fit=300%2C137&amp;ssl=1"" width=""300"" /> We’ve got some exciting news to make your crypto journey even smoother: PayPal is now a funding option for Kraken clients in the U.S. That means you can deposit USD and start trading in just a few taps — no wires, no wait and definitely no bank logins. If you use PayPal, you&#8217;re already halfway [&#8230;]</p>
<p>The post <a href=""https://blog.kraken.com/news/paypal-us-clients"">PayPal funding is here for U.S. clients!</a> appeared first on <a href=""https://blog.kraken.com"">Kraken Blog</a>.</p>"
Kraken Blog,GOMINING is available for trading!,https://blog.kraken.com/product/asset-listings/gomining-is-available-for-trading,2025-08-06 14:15:41+00:00,"<p> <img alt="""" class=""attachment-medium size-medium wp-post-image"" height=""137"" src=""https://i0.wp.com/blog.kraken.com/wp-content/uploads/2025/08/NewAsset_Blog-21.png?fit=300%2C137&amp;ssl=1"" width=""300"" /> We’re thrilled to announce that GOMINING is available for trading on Kraken! Funding and trading GOMINING trading is live as of August 6, 2025. To add an asset to your Kraken account, navigate to Funding, select the asset you’re after, and hit ‘Deposit’.&#160; Make sure to deposit your tokens into networks supported by Kraken. Deposits [&#8230;]</p>
<p>The post <a href=""https://blog.kraken.com/product/asset-listings/gomining-is-available-for-trading"">GOMINING is available for trading!</a> appeared first on <a href=""https://blog.kraken.com"">Kraken Blog</a>.</p>"
Kraken Blog,XTER is available for trading!,https://blog.kraken.com/product/asset-listings/xter-is-available-for-trading,2025-08-06 14:21:18+00:00,"<p> <img alt="""" class=""attachment-medium size-medium wp-post-image"" height=""137"" src=""https://i0.wp.com/blog.kraken.com/wp-content/uploads/2025/07/NewAsset_Blog-21-1.png?fit=300%2C137&amp;ssl=1"" width=""300"" /> We’re thrilled to announce that XTER is available for trading on Kraken! Funding and trading XTER trading is live as of August 6, 2025. To add an asset to your Kraken account, navigate to Funding, select the asset you’re after, and hit ‘Deposit’.&#160; Make sure to deposit your tokens into networks supported by Kraken. Deposits [&#8230;]</p>
<p>The post <a href=""https://blog.kraken.com/product/asset-listings/xter-is-available-for-trading"">XTER is available for trading!</a> appeared first on <a href=""https://blog.kraken.com"">Kraken Blog</a>.</p>"
Decrypt,"$PUMP REBOUNDS, CRYPTO EDGES LOWER, CHINA TESTING STABLECOINS",https://decrypt.co/videos/interviews/0AMccQun/pump-rebounds-crypto-edges-lower-china-testing-stablecoins,2025-08-06 15:28:20+00:00,"Crypto volatile amid weaker macro picture. BTC ETF outflows continue, ETH turns positive. Short term BTC holders dump $18b as whales buy. Liquid staking Activities are not securities: SEC. China testing out Yuan stablecoins. Brazil considers BTC reserve. Japan’s SBI files for various crypto ETFs. Michigan pension fund triples BTC ETF exposure. Sharplink bought $304m ETH last week. Metamask plans to launch stablecoin. Base briefly goes down due to sequencer failure. CZ seeks dismissal of $1.8b FTX lawsuit. Hyperliquid earned 35% of July blockchain revenue. BitBridge to go public as BTC treasury firm. BNB discloses new infrastructure roadmap. LTC leads alts, MEI Pharma launches $100m treasury. Pendle to allow speculation on crypto funding rates."
Kraken Blog,Trade Shortcuts now live on Kraken Desktop,https://blog.kraken.com/product/desktop/trade-shortcuts,2025-08-07 12:17:54+00:00,"<p> <img alt="""" class=""attachment-medium size-medium wp-post-image"" height=""137"" src=""https://i0.wp.com/blog.kraken.com/wp-content/uploads/2025/08/desktop-promo-blog-comparison%402x.png?fit=300%2C137&amp;ssl=1"" width=""300"" /> Your trading reflexes, upgraded. With the new Trade Shortcut module in Kraken Desktop, you can now place pre-configured trades instantly — no forms, no hesitation. Build custom buttons for any strategy, from quick entries and exits to smart OSO setups.Speed, precision, and control — now at your fingertips. Trade Shortcuts on Kraken Desktop On Kraken [&#8230;]</p>
<p>The post <a href=""https://blog.kraken.com/product/desktop/trade-shortcuts"">Trade Shortcuts now live on Kraken Desktop</a> appeared first on <a href=""https://blog.kraken.com"">Kraken Blog</a>.</p>"
Decrypt,"ETH NEARS $4K, TRUMP TARIFFS BEGIN, REKT HITS ANOTHER ATH",https://decrypt.co/videos/interviews/meyK3vhj/eth-nears-4k-trump-tariffs-begin-rekt-hits-another-ath,2025-08-07 15:25:50+00:00,"ETH leads majors, Tom Lee calls for $16k price target. US set to allow crypto in 401k plans. ETH daily transactions near record. Sell Gold, Buy BTC: Lummis. Indonesia evaluates BTC reserve. Tornado dev found guilty of 1 out of 3 charges. US adds 21.6% tariff on BTC mining machines. Parataxis launches $640m BTC treasury strategy. Bakkt to setup Japanese BTC treasury company. Cosmos Health launches $300m ETH treasury. StanChart favours ETH treasury stocks over ETFs. Union Jack Oil to deploy BTC mining facilities. Sheetz offering discounts on crypto payments. AAVE hit by phishing attack. Nomura to launch crypto options in Dubai. Court orders WazirX to disclose Binance agreement"
Kraken Blog,AB is available for trading!,https://blog.kraken.com/product/asset-listings/ab-is-available-for-trading,2025-08-08 14:15:14+00:00,"<p> <img alt="""" class=""attachment-medium size-medium wp-post-image"" height=""137"" src=""https://i0.wp.com/blog.kraken.com/wp-content/uploads/2025/08/NewAsset_Blog-3.png?fit=300%2C137&amp;ssl=1"" width=""300"" /> We’re thrilled to announce that AB is available for trading on Kraken! Funding and trading AB trading is live as of August 8, 2025. To add an asset to your Kraken account, navigate to Funding, select the asset you’re after, and hit ‘Deposit’.&#160; Make sure to deposit your tokens into networks supported by Kraken. Deposits [&#8230;]</p>
<p>The post <a href=""https://blog.kraken.com/product/asset-listings/ab-is-available-for-trading"">AB is available for trading!</a> appeared first on <a href=""https://blog.kraken.com"">Kraken Blog</a>.</p>"
Decrypt,"SEC DROPS XRP CASE, ETH NEARS $4K AGAIN, GOLD HITS ATH",https://decrypt.co/videos/interviews/1JUcP9dr/sec-drops-xrp-case-eth-nears-4k-again-gold-hits-ath,2025-08-08 15:21:06+00:00,"Trump signs EO letting crypto into 401ks. XRP up 10% as SEC officially ends legal battle. ETH continues outperform BTC, nears $4k resistance. Crypto-friendly Miran set for Fed board. Fundamental Global to raise $5b to buy ETH. 87% odds ETH hits $4k this month. XRP to buy payment platform Rail for $200m. BTC mining stocks resilient as tariff fears fade. ETH Foundation pledges $500k for Storm’s defence. Animoca, Provenance launch tokenised RWA market. Animoca JV to apply for stablecoin license. Binance, BBVA to allow custody of assets off exchange. Winklevoss twins invest in Trump’s American Bitcoin. Chainlink announces LINK reserve. Tokenisation drive stuck at $25b: JP Morgan. Pre-IPO stocks become tradeable on SOL."
Kraken Blog,CARV is available for trading!,https://blog.kraken.com/product/asset-listings/carv-is-available-for-trading,2025-08-08 16:12:31+00:00,"<p> <img alt="""" class=""attachment-medium size-medium wp-post-image"" height=""137"" src=""https://i0.wp.com/blog.kraken.com/wp-content/uploads/2025/08/carv.png?fit=300%2C137&amp;ssl=1"" width=""300"" /> We’re thrilled to announce that CARV is available for trading on Kraken! Funding and trading CARV trading is live as of August 8, 2025. To add an asset to your Kraken account, navigate to Funding, select the asset you’re after, and hit ‘Deposit’.&#160; Make sure to deposit your tokens into networks supported by Kraken. Deposits [&#8230;]</p>
<p>The post <a href=""https://blog.kraken.com/product/asset-listings/carv-is-available-for-trading"">CARV is available for trading!</a> appeared first on <a href=""https://blog.kraken.com"">Kraken Blog</a>.</p>"
Decrypt,"ETH BREAKS THROUGH $4K, BTC NEARS ATH, PUNKS NOW $240K",https://decrypt.co/videos/interviews/GDw7fLk1/eth-breaks-through-4k-btc-nears-ath-punks-now-240k,2025-08-11 15:24:30+00:00,"Bitcoin nears ATH, ETH hits highs since 2021. ETH leads majors, 71% odds it hits $5k in 2025. BlackRock has no plans for XRP or SOL ETF. Harvard bought $117m BTC ETF. Bo Hines to step down and move to private sector. WLFI plans $1.5b fundraising for crypto vehicle. China asks brokers to stop promoting stablecoins. Coinbase intros DEX trading on app. Rumble to acquire Northern Data with Tether backing. LayerZero proposes $110m Stargate buyout. CrediX team vanishes after $4.5m exploit. Top miner CleanSpark faces $185m tariffs. MiCAR-compliant crypto fundraising live in Europe. USDe hits $10bn TVL, ENA leads alts. HYPE nears ATH again, continues to dominates fees. CEA Industries buys $160m BNB."
Decrypt,"ETH ETF INFLOWS ATH, CIRCLE & STRIPE PLAN L1S, CPI TODAY",https://decrypt.co/videos/interviews/XVDWEbcf/eth-etf-inflows-ath-circle-stripe-plan-l1s-cpi-today,2025-08-12 15:27:49+00:00,"Bitcoin pulls back after falling short of ATH. ETH outperforms, ETFs hit record $1b+ inflows. Stripe building L1 blockchain for payments. Circle profit rises 53%, also building L1 chain. Strategy bought only $18m BTC last week. Metaplanet buys $61m BTC. BMNR now top ETH holders, bought $2b in a week. Sharplink sells $400m equity to buy ETH. Fundamental Global buys $200m ETH. FTX customers suing Fenwick. Do Kwon set to plead guilty in fraud case. Chainlink, ICE collab to bring FX & metals on chain. Thiel backed Bullish raises IPO size, $4.8b valuation. Paxos to pursue National Trust Charter in US. Blue Origin to allow crypto payments for space travel."
Kraken Blog,Kraken now live across all 30 EEA countries under MiCA,https://blog.kraken.com/news/all-30-eea-countries-mica,2025-08-12 16:53:57+00:00,"<p> <img alt="""" class=""attachment-medium size-medium wp-post-image"" height=""137"" src=""https://i0.wp.com/blog.kraken.com/wp-content/uploads/2025/06/BondedStaking_Blog_1535x700%402x.png?fit=300%2C137&amp;ssl=1"" width=""300"" /> Our MiCA license is fully activated, unlocking regulated access to crypto services throughout the European Economic Area</p>
<p>The post <a href=""https://blog.kraken.com/news/all-30-eea-countries-mica"">Kraken now live across all 30 EEA countries under MiCA</a> appeared first on <a href=""https://blog.kraken.com"">Kraken Blog</a>.</p>"
Decrypt,"ETH at $4,400, ETH ETFS $1B DAILY INFLOWS, TOM LEE ACQUIRES 1.2M ETH",https://decrypt.co/videos/interviews/wyfrjQNT/eth-at-4-400-eth-etfs-1b-daily-inflows-tom-lee-acquires-12m-eth,2025-08-12 17:21:37+00:00,"Bitcoin pulls back after falling short of ATH. ETH outperforms, ETFs hit record $1b+ inflows. Stripe building L1 blockchain for payments. Circle profit rises 53%, also building L1 chain. Strategy bought only $18m BTC last week. Metaplanet buys $61m BTC. BMNR now top ETH holders, bought $2b in a week. Sharplink sells $400m equity to buy ETH. Fundamental Global buys $200m ETH. FTX customers suing Fenwick. Do Kwon set to plead guilty in fraud case. Chainlink, ICE collab to bring FX & metals on chain. Thiel backed Bullish raises IPO size, $4.8b valuation. Paxos to pursue National Trust Charter in US. Blue Origin to allow crypto payments for space travel."
Kraken Blog,XYO is available for trading!,https://blog.kraken.com/product/asset-listings/xyo-is-available-for-trading,2025-08-13 13:42:27+00:00,"<p> <img alt="""" class=""attachment-medium size-medium wp-post-image"" height=""137"" src=""https://i0.wp.com/blog.kraken.com/wp-content/uploads/2025/08/XYO.png?fit=300%2C137&amp;ssl=1"" width=""300"" /> We’re thrilled to announce that XYO is available for trading on Kraken! Funding and trading XYO trading is live as of August 13, 2025. To add an asset to your Kraken account, navigate to Funding, select the asset you’re after, and hit ‘Deposit’.&#160; Make sure to deposit your tokens into networks supported by Kraken. Deposits [&#8230;]</p>
<p>The post <a href=""https://blog.kraken.com/product/asset-listings/xyo-is-available-for-trading"">XYO is available for trading!</a> appeared first on <a href=""https://blog.kraken.com"">Kraken Blog</a>.</p>"
Decrypt,"ETH NEARS ATH, SOL BREAKS $200, PUMP BACK TO ICO PRICE",https://decrypt.co/videos/interviews/mdGKwXSM/eth-nears-ath-sol-breaks-200-pump-back-to-ico-price,2025-08-13 15:13:03+00:00,"ETH & SOL soar, BTC dominance below 60%. ETH ETFs see $2.3b of inflows in 6 days. SOL breaks $200, DeFi TVL at three year highs. BitMine upsizes offering to buy ETH to $25bn. Crypto sentiment jumps to ‘Greed’ in a week. Institutions now hold 17% of BTC in circulation. ETH DATs now hold ~2% of supply. $1.3b could be liquidated if ETH hits $5k. 75% odds ETH hits $5k by Aug 31 on Polymarket. ETHZilla shares 3x as Peter Thiel takes stake. ETH Foundation offloads $13m ETH. Do Kwon pleads guilty to two counts of fraud. Trump’s crypto activities made $2.4b since 2022. Bullish IPO raises $1.1b, oversubscribed 20x. Binance first member of T3+, the crypto crime unit. Coinbase revives stablecoin fund to boost USDC."
Kraken Blog,USELESS is available for trading!,https://blog.kraken.com/product/asset-listings/useless-is-available-for-trading,2025-08-13 16:07:25+00:00,"<p> <img alt="""" class=""attachment-medium size-medium wp-post-image"" height=""137"" src=""https://i0.wp.com/blog.kraken.com/wp-content/uploads/2025/08/NewAsset_Blog-3-1.png?fit=300%2C137&amp;ssl=1"" width=""300"" /> We’re thrilled to announce that USELESS is available for trading on Kraken! Funding and trading USELESS trading is live as of August 13, 2025. To add an asset to your Kraken account, navigate to Funding, select the asset you’re after, and hit ‘Deposit’.&#160; Make sure to deposit your tokens into networks supported by Kraken. Deposits [&#8230;]</p>
<p>The post <a href=""https://blog.kraken.com/product/asset-listings/useless-is-available-for-trading"">USELESS is available for trading!</a> appeared first on <a href=""https://blog.kraken.com"">Kraken Blog</a>.</p>"
Bitcoin Magazine,"Bitcoin Price Breaks $123,000, Bullish Momentum Targets $125,000",https://bitcoinmagazine.com/markets/bitcoin-price-breaks-123000-bullish-momentum-targets-125000,2025-08-13 21:56:58+00:00,"<p><a href=""https://bitcoinmagazine.com"" rel=""nofollow"">Bitcoin Magazine</a><br />
<img src=""https://bitcoinmagazine.com/wp-content/uploads/2025/08/Bitmine-Accumulates-BTC.jpg"" style=""display: block; margin: 1em auto;"" /><br />
<a href=""https://bitcoinmagazine.com/markets/bitcoin-price-breaks-123000-bullish-momentum-targets-125000"" rel=""nofollow"">Bitcoin Price Breaks $123,000, Bullish Momentum Targets $125,000</a></p>
<p>Bitcoin price surges past $123,000, boosting Strategy’s holdings to $77.2B and El Salvador’s profit to $468M, while ETFs see massive trading volumes.</p>
<p>This post <a href=""https://bitcoinmagazine.com/markets/bitcoin-price-breaks-123000-bullish-momentum-targets-125000"" rel=""nofollow"">Bitcoin Price Breaks $123,000, Bullish Momentum Targets $125,000</a> first appeared on <a href=""https://bitcoinmagazine.com"" rel=""nofollow"">Bitcoin Magazine</a> and is written by <a href=""https://bitcoinmagazine.com/authors/nik"" rel=""nofollow"">Nik</a>.</p>"
Kraken Blog,SLAY is available for trading!,https://blog.kraken.com/product/asset-listings/slay-is-available-for-trading,2025-08-14 14:02:12+00:00,"<p> <img alt="""" class=""attachment-medium size-medium wp-post-image"" height=""137"" src=""https://i0.wp.com/blog.kraken.com/wp-content/uploads/2025/08/NewAsset_Blog-3-2.png?fit=300%2C137&amp;ssl=1"" width=""300"" /> We’re thrilled to announce that SLAY is available for trading on Kraken! Funding and trading SLAY trading is live as of August 14, 2025. To add an asset to your Kraken account, navigate to Funding, select the asset you’re after, and hit ‘Deposit’.&#160; Make sure to deposit your tokens into networks supported by Kraken. Deposits [&#8230;]</p>
<p>The post <a href=""https://blog.kraken.com/product/asset-listings/slay-is-available-for-trading"">SLAY is available for trading!</a> appeared first on <a href=""https://blog.kraken.com"">Kraken Blog</a>.</p>"
Decrypt,"BTC NEW ATH, ALTCOIN SEARCHES ARE BACK, USELESS GETS COINBASE",https://decrypt.co/videos/interviews/YYQu4AVv/btc-new-ath-altcoin-searches-are-back-useless-gets-coinbase,2025-08-14 15:39:19+00:00,"BTC hits new ATH, then pulls back. ETH ETF inflows second-largest inflows ever. Altcoin google searches hit highest since 2021. Banking discrimination sent us to crypto: Eric Trump. Stargate asks for alternative buy-outs to LayerZero. Murano to buy $500m BTC. Google rescinds ban on non-custodial crypto wallets. Estonian Banker’s lost wallet now holds $1b+ ETH. MetaMask could unveil stablecoin this week. Bullish closes 2x IPO price. Justin Sun sues Bloomberg over upcoming stories. Coinbase loses $300k in MEV exploit. Indonesia cancels digital payment tracker launch. Vietnam sets up state crypto exchange. Matt Huang to lead Stripe’s L1."
Bitcoin Magazine,"Block Launches Modular Bitcoin Miner And Free, Open Source Mining Software",https://bitcoinmagazine.com/business/block-launches-modular-bitcoin-miner-and-free-open-source-mining-software,2025-08-14 15:49:01+00:00,"<p><a href=""https://bitcoinmagazine.com"" rel=""nofollow"">Bitcoin Magazine</a><br />
<img src=""https://bitcoinmagazine.com/wp-content/uploads/2025/08/2025-July-Core-edit-09.png"" style=""display: block; margin: 1em auto;"" /><br />
<a href=""https://bitcoinmagazine.com/business/block-launches-modular-bitcoin-miner-and-free-open-source-mining-software"" rel=""nofollow"">Block Launches Modular Bitcoin Miner And Free, Open Source Mining Software</a></p>
<p>Block unveils Proto Rig, a modular, repairable bitcoin miner, and Proto Fleet, free open-source fleet management software, in a push to decentralize mining.</p>
<p>This post <a href=""https://bitcoinmagazine.com/business/block-launches-modular-bitcoin-miner-and-free-open-source-mining-software"" rel=""nofollow"">Block Launches Modular Bitcoin Miner And Free, Open Source Mining Software</a> first appeared on <a href=""https://bitcoinmagazine.com"" rel=""nofollow"">Bitcoin Magazine</a> and is written by <a href=""https://bitcoinmagazine.com/authors/nik"" rel=""nofollow"">Nik</a>.</p>"
Decrypt,Inside Wall Street's Stablecoin Boom,https://decrypt.co/videos/interviews/SXesH5Pp/inside-wall-streets-stablecoin-boom,2025-08-14 16:14:49+00:00,"VanEck Ventures Managing Partner Juan C. Lopez unpacks this year's hottest deals in crypto, where traditional finance is missing the message on stablecoins, and how his previous work at Circle Ventures informs his approach to investing in companies"
Bitcoin Magazine,India’s First Bitcoin Think Tank Launches on Independence Day. Its Mission? Financial Sovereignty,https://bitcoinmagazine.com/politics/indias-first-bitcoin-think-tank-launches-on-independence-day-its-mission-financial-sovereignty,2025-08-14 18:30:03+00:00,"<p><a href=""https://bitcoinmagazine.com"" rel=""nofollow"">Bitcoin Magazine</a><br />
<img src=""https://bitcoinmagazine.com/wp-content/uploads/2025/08/Bitcoin_Policy_Institute_of_India.webp"" style=""display: block; margin: 1em auto;"" /><br />
<a href=""https://bitcoinmagazine.com/politics/indias-first-bitcoin-think-tank-launches-on-independence-day-its-mission-financial-sovereignty"" rel=""nofollow"">India’s First Bitcoin Think Tank Launches on Independence Day. Its Mission? Financial Sovereignty</a></p>
<p>The Bitcoin Policy Institute of India has announced its launch on India’s Independence Day to highlight the notion that true freedom comes with the type of financial and economic sovereignty that Bitcoin provides.</p>
<p>This post <a href=""https://bitcoinmagazine.com/politics/indias-first-bitcoin-think-tank-launches-on-independence-day-its-mission-financial-sovereignty"" rel=""nofollow"">India’s First Bitcoin Think Tank Launches on Independence Day. Its Mission? Financial Sovereignty</a> first appeared on <a href=""https://bitcoinmagazine.com"" rel=""nofollow"">Bitcoin Magazine</a> and is written by <a href=""https://bitcoinmagazine.com/authors/frank-corva"" rel=""nofollow"">Frank Corva</a>.</p>"
Bitcoin Magazine,"Bitcoin Price Slid Down To $118,000 After Surpassing Google’s Market Cap",https://bitcoinmagazine.com/markets/bitcoin-price-slid-down-to-118000-after-surpassing-googles-market-cap,2025-08-14 18:41:14+00:00,"<p><a href=""https://bitcoinmagazine.com"" rel=""nofollow"">Bitcoin Magazine</a><br />
<img src=""https://bitcoinmagazine.com/wp-content/uploads/2025/07/Constellation-Research-founder-Ray-Wang-predicts-Bitcoin-will-surge-to-150000-within-six-months-citing-regulatory-clarity-global-adoption-and-dollar-devaluation-as-key-drivers.jpg"" style=""display: block; margin: 1em auto;"" /><br />
<a href=""https://bitcoinmagazine.com/markets/bitcoin-price-slid-down-to-118000-after-surpassing-googles-market-cap"" rel=""nofollow"">Bitcoin Price Slid Down To $118,000 After Surpassing Google&#8217;s Market Cap</a></p>
<p>Bitcoin price retreated to $118,000 after reaching an all-time high of $124,283 and briefly surpassing Google parent Alphabet's market cap with a $2.46 trillion valuation compared to Alphabet's $2.448 trillion. </p>
<p>This post <a href=""https://bitcoinmagazine.com/markets/bitcoin-price-slid-down-to-118000-after-surpassing-googles-market-cap"" rel=""nofollow"">Bitcoin Price Slid Down To $118,000 After Surpassing Google&#8217;s Market Cap</a> first appeared on <a href=""https://bitcoinmagazine.com"" rel=""nofollow"">Bitcoin Magazine</a> and is written by <a href=""https://bitcoinmagazine.com/authors/vivek-sen-bitcoin"" rel=""nofollow"">Vivek Sen</a>.</p>"
Decrypt,"US Treasury Punishes Russian Crypto Firms Over Cybercrime Ties, Sanctions Evasion",https://decrypt.co/335289/us-treasury-sanctions-russian-crypto-firms-cybercrime-ties-sanctions-evasion,2025-08-14 19:49:03+00:00,"Federal agencies have continued to scrutinize some digital asset activities, even as the Trump administration has relaxed its regulatory oversight."
Decrypt,Bessent Backtracks on Bitcoin: Treasury Committed to 'Budget-Neutral' BTC Buys,https://decrypt.co/335355/bessent-backtracks-bitcoin-treasury-committed-budget-neutral-btc-buys,2025-08-14 20:17:57+00:00,"After disappointing Bitcoin fans with earlier comments, Treasury Secretary Scott Bessent said the U.S. may buy BTC for its reserve after all."
Decrypt,"Strategy Pushed ‘Deceptive’ Comparison to Apple and NVIDIA, Wall Street Veteran Says",https://decrypt.co/335283/strategy-deceptive-comparison-apple-nvidia-wall-street-veteran-says,2025-08-14 20:40:33+00:00,"The Bitcoin-buying firm implied its earnings are recurring during an earnings call, Andy Constan said."
Bitcoin Magazine,"KindlyMD & Nakamoto Officially Merge, Plans to Buy One Million BTC",https://bitcoinmagazine.com/business/kindlymd-nakamoto-officially-merge-plans-to-buy-one-million-btc,2025-08-14 21:22:57+00:00,"<p><a href=""https://bitcoinmagazine.com"" rel=""nofollow"">Bitcoin Magazine</a><br />
<img src=""https://bitcoinmagazine.com/wp-content/uploads/2025/08/KindlyMD-Shareholders-Approve-Merger-with-Bitcoin-Treasury-Company-Nakamoto.jpg"" style=""display: block; margin: 1em auto;"" /><br />
<a href=""https://bitcoinmagazine.com/business/kindlymd-nakamoto-officially-merge-plans-to-buy-one-million-btc"" rel=""nofollow"">KindlyMD &amp; Nakamoto Officially Merge, Plans to Buy One Million BTC</a></p>
<p>The combined company, led by CEO David Bailey, aims to acquire one million BTC and accelerate Bitcoin adoption across global capital markets.</p>
<p>This post <a href=""https://bitcoinmagazine.com/business/kindlymd-nakamoto-officially-merge-plans-to-buy-one-million-btc"" rel=""nofollow"">KindlyMD &amp; Nakamoto Officially Merge, Plans to Buy One Million BTC</a> first appeared on <a href=""https://bitcoinmagazine.com"" rel=""nofollow"">Bitcoin Magazine</a> and is written by <a href=""https://bitcoinmagazine.com/authors/nik"" rel=""nofollow"">Nik</a>.</p>"
Decrypt,Google Gets $35 Billion Offer for Chrome as AI Browser Fight Escalates,https://decrypt.co/335357/google-gets-35-billion-offer-chrome-ai-browser-escalates,2025-08-14 21:30:47+00:00,"Search.com promises ad-free browsing, cashback for users, and revenue-sharing with publishers."
Decrypt,"Former Pump.fun Employee Pleads Guilty, Awaits Sentencing for $2 Million Solana Theft",https://decrypt.co/335320/former-pump-fun-employee-pleads-guilty-awaits-sentencing-solana-theft,2025-08-14 21:49:47+00:00,"Jarett Dunn pleaded guilty to fraud by abuse of position and transfer of criminal property for an attack on his former employer, Pump.fun."
Decrypt,"Hot Inflation Clouds Fed Path, But Crypto Bulls Eye Q4 Liquidity Surge",https://decrypt.co/335383/hot-inflation-clouds-fed-path-but-crypto-bulls-eye-q4-liquidity-surge,2025-08-15 01:33:36+00:00,"Crypto faces near-term headwinds from hot inflation data, but some say global liquidity trends could set up a year-end rally."
Decrypt,SEC Punts Decision Deadlines for Solana ETFs by Two Months,https://decrypt.co/335387/sec-punts-decision-deadlines-for-solana-etfs-by-two-months,2025-08-15 01:56:20+00:00,"The commission has exercised its final procedural extension for Solana ETF applications, citing the need for additional time to review."
Decrypt,"Czech Police Detain Key Figure in Bitcoin Donation Scandal, Seize Assets",https://decrypt.co/335397/czech-police-detain-key-figure-bitcoin-donation-scandal,2025-08-15 06:32:25+00:00,Czech authorities have escalated a politically charged probe into a bitcoin donation that nearly toppled the government earlier this year.
Decrypt,Hong Kong's SFC Orders Tighter Crypto Custody Standards Following Global Breaches,https://decrypt.co/335409/hong-kongs-sfc-orders-tighter-crypto-custody-standards,2025-08-15 07:25:33+00:00,"The regulator is setting minimum custody standards for licensed virtual asset trading platforms, citing rising overseas security incidents."
Decrypt,Illegal Bitcoin Mining on the Rise in Tajikistan and Kazakhstan,https://decrypt.co/335415/illegal-bitcoin-mining-on-the-rise-in-tajikistan-and-kazakhstan,2025-08-15 10:00:36+00:00,Illicit crypto mining outfits stealing electricity are becoming a growing problem for countries in Central Asia.
Decrypt,"$941M in Crypto Liquidations as BTC, ETH, DOGE Retreat From Highs",https://decrypt.co/335416/941m-in-crypto-liquidations-as-btc-eth-doge-retreat-from-highs,2025-08-15 10:27:43+00:00,"Major liquidations have occurred across the crypto market, as Bitcoin, Ethereum, and Dogecoin all pulled back after a bullish week."
Decrypt,WiseLink Becomes First Taiwan-Listed Company To Invest in a Bitcoin Treasury Strategy,https://decrypt.co/335413/wiselink-becomes-first-taiwan-listed-company-to-invest-in-a-bitcoin-treasury-strategy,2025-08-15 10:31:03+00:00,"Executed through convertible notes, WiseLink says the deal comes as a “golden window” for Bitcoin as a capital strategy opens."
Decrypt,Morning Minute: Another $700M+ Bitcoin TreasuryCo Is Born,https://decrypt.co/335445/morning-minute-another-700m-bitcoin-treasuryco-is-born,2025-08-15 12:22:18+00:00,"ETH ETFs continue to see near-record inflows, and Hyperliquid is setting records in volume and fees."
Decrypt,Texan Authorities Seize $2.8M in Crypto from Alleged Ransomware Operator,https://decrypt.co/335456/texan-authorities-seize-2-8m-in-crypto-from-alleged-ransomware-operator,2025-08-15 12:46:03+00:00,Prosecutors claim that Ianis Aleksandrovich Antropenko deployed Zeppelin ransomware to attack individuals and organizations worldwide.
Bitcoin Magazine,Is Bitcoin Price Outperforming Gold and NASDAQ This Cycle?,https://bitcoinmagazine.com/markets/bitcoin-price-gold-and-nasdaq,2025-08-15 13:13:53+00:00,"<p><a href=""https://bitcoinmagazine.com"" rel=""nofollow"">Bitcoin Magazine</a><br />
<img src=""https://bitcoinmagazine.com/wp-content/uploads/2025/08/Is-Bitcoin-Price-Outperforming-Gold-and-NASDAQ-This-Cycle.jpg"" style=""display: block; margin: 1em auto;"" /><br />
<a href=""https://bitcoinmagazine.com/markets/bitcoin-price-gold-and-nasdaq"" rel=""nofollow"">Is Bitcoin Price Outperforming Gold and NASDAQ This Cycle?</a></p>
<p>The bitcoin price is up 600% this cycle, but is it really shining? This deep dive compares BTC to Gold &#038; tech stocks, revealing a surprising truth about its performance.</p>
<p>This post <a href=""https://bitcoinmagazine.com/markets/bitcoin-price-gold-and-nasdaq"" rel=""nofollow"">Is Bitcoin Price Outperforming Gold and NASDAQ This Cycle?</a> first appeared on <a href=""https://bitcoinmagazine.com"" rel=""nofollow"">Bitcoin Magazine</a> and is written by <a href=""https://bitcoinmagazine.com/authors/matt-crosby"" rel=""nofollow"">Matt Crosby</a>.</p>"
Decrypt,"CRYPTO DROPS AFTER PPI, HUGE LIQUIDATIONS, TRUMP-PUTIN TO MEET",https://decrypt.co/videos/interviews/rdwA47yK/crypto-drops-after-ppi-huge-liquidations-trump-putin-to-meet,2025-08-15 15:23:38+00:00,"Crypto drops after hot US PPI, $1.1bn of liquidations. US only wants budget neutral BTC accumulation. US government owns $24b crypto: Arkham. Lummis makes renewed push for BITCOIN Act. Altcoins continue to drop versus ETH. $3.2bn ETH queued to leave staking. HYPE nears $50 as volume hits ATH. Google buys 8% stake in BTC miner TeraWulf. Atkins to discuss ‘Project Crypto’ today. KindlyMD to raise $540m to buy BTC. Abu Dhabi SWF owns $534m BTC ETF. Citi considers crypto custody, payment services. SEC delays Bitwise and 21 Shares SOL ETFs. HK tightens custody standards for crypto exchanges. American Bitcoin looking for Asia listings. US sanctions Russian exchange Garantex."
Bitcoin Magazine,Online Privacy Is Under Threat in the UK and US. Policy Expert Freddie New Advises How To Protect Yourself,https://bitcoinmagazine.com/news/online-privacy-is-under-threat-in-the-uk-and-us-policy-expert-freddie-new-advises-how-to-protect-yourself,2025-08-15 15:46:41+00:00,"<p><a href=""https://bitcoinmagazine.com"" rel=""nofollow"">Bitcoin Magazine</a><br />
<img src=""https://bitcoinmagazine.com/wp-content/uploads/2025/08/US-and-UK-Online-Privacy-Protection.webp"" style=""display: block; margin: 1em auto;"" /><br />
<a href=""https://bitcoinmagazine.com/news/online-privacy-is-under-threat-in-the-uk-and-us-policy-expert-freddie-new-advises-how-to-protect-yourself"" rel=""nofollow"">Online Privacy Is Under Threat in the UK and US. Policy Expert Freddie New Advises How To Protect Yourself</a></p>
<p>Freddie New, head of policy at Bitcoin Policy UK, a UK-based Bitcoin think tank and advocacy group, speaks to what’s in our immediate power when it comes to preserving our privacy online, including when transacting with Bitcoin.</p>
<p>This post <a href=""https://bitcoinmagazine.com/news/online-privacy-is-under-threat-in-the-uk-and-us-policy-expert-freddie-new-advises-how-to-protect-yourself"" rel=""nofollow"">Online Privacy Is Under Threat in the UK and US. Policy Expert Freddie New Advises How To Protect Yourself</a> first appeared on <a href=""https://bitcoinmagazine.com"" rel=""nofollow"">Bitcoin Magazine</a> and is written by <a href=""https://bitcoinmagazine.com/authors/frank-corva"" rel=""nofollow"">Frank Corva</a>.</p>"
Decrypt,OKX Burns $26 Billion Worth of OKB Tokens on Ethereum—Here's Why,https://decrypt.co/335476/okx-burns-26-billion-worth-okb-tokens-ethereum-heres-why,2025-08-15 15:49:12+00:00,"Crypto exchange OKX slashed the supply of its OKB token by more than 90%, burning the vast majority of the Ethereum-based tokens."
Decrypt,Brazilian Mom Held for Bitcoin Ransom After Alleged Kidnappers Stalk Crypto-Trading Son,https://decrypt.co/335475/brazilian-mom-held-bitcoin-ransom-kidnappers-stalk-crypto-trading-son,2025-08-15 16:10:59+00:00,"A Brazilian crypto trader's mom was kidnapped until a Bitcoin ransom was paid in the latest crypto ""wrench attack,"" local media reported."
Bitcoin Magazine,Bitcoin Heating Up: Home Bitcoin Mining is Going To Heat Europe,https://bitcoinmagazine.com/business/home-bitcoin-mining-is-heating-up-europe,2025-08-15 16:24:57+00:00,"<p><a href=""https://bitcoinmagazine.com"" rel=""nofollow"">Bitcoin Magazine</a><br />
<img src=""https://bitcoinmagazine.com/wp-content/uploads/2025/08/Bitcoin-mining-Austrian-alps-21energy-and-Maximilian-Obwexer-scaled.webp"" style=""display: block; margin: 1em auto;"" /><br />
<a href=""https://bitcoinmagazine.com/business/home-bitcoin-mining-is-heating-up-europe"" rel=""nofollow"">Bitcoin Heating Up: Home Bitcoin Mining is Going To Heat Europe</a></p>
<p>As energy costs soar and grids destabilize, European innovators are turning to Bitcoin mining at home as a decentralized solution — blending heat, profit, and power independence in one sleek radiator.</p>
<p>This post <a href=""https://bitcoinmagazine.com/business/home-bitcoin-mining-is-heating-up-europe"" rel=""nofollow"">Bitcoin Heating Up: Home Bitcoin Mining is Going To Heat Europe</a> first appeared on <a href=""https://bitcoinmagazine.com"" rel=""nofollow"">Bitcoin Magazine</a> and is written by <a href=""https://bitcoinmagazine.com/authors/joakim-book"" rel=""nofollow"">Joakim Book</a>.</p>"
Decrypt,Fed Ends Supervisory Program Overseeing Banks' Crypto Activity,https://decrypt.co/335488/fed-ends-supervisory-program-bank-crypto-bitcoin,2025-08-15 16:36:58+00:00,The U.S. central bank now says it understands the risks associated with crypto.
Decrypt,Ethereum ETF Inflows Outpace Bitcoin ETFs for Fifth Straight Day,https://decrypt.co/335491/ethereum-etf-inflows-outpace-bitcoin-etfs-fifth-straight-day,2025-08-15 17:52:24+00:00,Ethereum ETFs topped Bitcoin inflows for a fifth day as corporate treasuries continue to accumulate ETH and exchange supply falls.
Decrypt,SharpLink Stock Dives After Q2 Loss as Ethereum Price Surge Cools,https://decrypt.co/335500/sharplink-stock-dives-q2-loss-ethereum-surge-cools,2025-08-15 18:17:55+00:00,"SharpLink Gaming stock fell Friday as the Ethereum treasury posted $103 million in net losses for Q2 and as ETH dipped below $4,400."
Decrypt,"New York Crypto Tax Could Generate $158 Million a Year, Says Lawmaker",https://decrypt.co/335501/new-york-crypto-tax-could-generate-158-million-lawmaker,2025-08-15 18:56:54+00:00,New York Assemblymember Phil Steck introduced legislation that would charge an 0.2% tax on crypto transactions across the Empire State.
Decrypt,The 10 Public Companies With the Biggest Bitcoin Portfolios,https://decrypt.co/47061/public-companies-biggest-bitcoin-portfolios,2025-08-15 19:32:06+00:00,"Firms like Strategy, Tesla, and Coinbase have purchased billions of dollars worth of Bitcoin between them. These are the biggest whales."
Decrypt,Moon or Doom: Where Does XRP Price Go Next?,https://decrypt.co/335510/moon-doom-where-xrp-price-next,2025-08-15 19:48:24+00:00,"Myriad traders are bullish on XRP, placing the odds at nearly 64% that the Ripple-linked token shoots for the moon. Do the charts agree?"
Bitcoin Magazine,How to Think About Bitcoin Treasury Companies: A Bitcoiner’s Dilemma in the Age of Rampant Speculation,https://bitcoinmagazine.com/bigread/bitcoin-treasury-companies-how-to-think,2025-08-15 20:14:57+00:00,"<p><a href=""https://bitcoinmagazine.com"" rel=""nofollow"">Bitcoin Magazine</a><br />
<img src=""https://bitcoinmagazine.com/wp-content/uploads/2025/08/Bitcoin-Treasury-BM-Big-read.webp"" style=""display: block; margin: 1em auto;"" /><br />
<a href=""https://bitcoinmagazine.com/bigread/bitcoin-treasury-companies-how-to-think"" rel=""nofollow"">How to Think About Bitcoin Treasury Companies: A Bitcoiner’s Dilemma in the Age of Rampant Speculation</a></p>
<p>With bitcoin treasury companies bringing Wall Street into hype mode and new Saylor contenders launching weekly, what's a Bitcoiner supposed to do? At this, our fiat end times, mNAVs games and regulatory arbitrage are either a recipe for disaster or the blueprint for unbelievable wealth. </p>
<p>This post <a href=""https://bitcoinmagazine.com/bigread/bitcoin-treasury-companies-how-to-think"" rel=""nofollow"">How to Think About Bitcoin Treasury Companies: A Bitcoiner’s Dilemma in the Age of Rampant Speculation</a> first appeared on <a href=""https://bitcoinmagazine.com"" rel=""nofollow"">Bitcoin Magazine</a> and is written by <a href=""https://bitcoinmagazine.com/authors/joakim-book"" rel=""nofollow"">Joakim Book</a>.</p>"
Decrypt,Why Digital Currency Group Is Suing Its Own Subsidiary Over $1.1 Billion Loan,https://decrypt.co/335551/why-digital-currency-group-suing-subsidiary-over-1-1-billion-loan,2025-08-15 21:54:25+00:00,"Digital Currency Group has sued its subsidiary, crypto lender Genesis, in the latest twist of a saga that's been unfolding since 2022."
Decrypt,Gemini Plans to Go Public via Nasdaq as Crypto IPOs Boom,https://decrypt.co/335554/gemini-plans-go-public-nasdaq-crypto-ipos-boom,2025-08-15 22:11:36+00:00,"Gemini, the crypto exchange founded by Tyler and Cameron Winklevoss, has filed with the SEC to go public. Here are the first details."
Decrypt,Billions in Ethereum Waiting to Be Unstaked Could Add Sell Pressure to ETH: Analyst,https://decrypt.co/335549/billions-in-ethereum-waiting-to-be-unstaked-could-add-sell-pressure-to-eth-analyst,2025-08-16 13:00:03+00:00,"Ethereum stakers are lining up to withdraw their ETH, but the record queue could spell bad news for the coin's recent price surge."
Decrypt,Moonbirds NFTs Are Soaring Again: What's Behind the Price Surge,https://decrypt.co/335470/moonbirds-nfts-soaring-again-whats-behind-price-surge,2025-08-16 16:01:03+00:00,"Once a punchline among NFT fans, Moonbirds are flying high again. Here's why holders are feeling ""birbish"" right now."
Decrypt,Canary CEO Predicts Bitcoin Will Hit $150K This Year—But Ethereum Surge Won't Last,https://decrypt.co/335557/canary-capital-ceo-predicts-bitcoin-150k-year-ethereum-surge-wont-last,2025-08-16 20:16:22+00:00,"ETF inflows and institutional demand are driving Bitcoin’s rise, Canary Capital CEO Steven McClurg said—but he's bearish on Ethereum."
Cointelegraph.com News,Crypto chases hype while missing foundational fortune,https://cointelegraph.com/news/crypto-hype-foundational-fortune?utm_source=rss_feed&utm_medium=rss&utm_campaign=rss_partner_inbound,2025-08-17 13:30:00+00:00,"<p style=""float: right; margin: 0 0 10px 15px; width: 240px;""><img alt=""Crypto chases hype while missing foundational fortune"" src=""https://images.cointelegraph.com/images/528_aHR0cHM6Ly9zMy5jb2ludGVsZWdyYXBoLmNvbS91cGxvYWRzLzIwMjUtMDMvMDE5NWQ3NmQtYWZkMC03Yjc0LWE0NjctMTkyMjdlYzRmNzRk.jpg"" /></p><p>While crypto chases AI token hype, smart money invests in compute infrastructure. Like the gold rush, those who own the rails — not the miners — get rich.</p>"
Cointelegraph.com News,Japan to approve first yen-backed stablecoins this fall,https://cointelegraph.com/news/japan-approves-first-yen-stablecoin-jpyc?utm_source=rss_feed&utm_medium=rss&utm_campaign=rss_partner_inbound,2025-08-17 13:32:08+00:00,"<p style=""float: right; margin: 0 0 10px 15px; width: 240px;""><img alt=""Japan to approve first yen-backed stablecoins this fall"" src=""https://images.cointelegraph.com/images/528_aHR0cHM6Ly9zMy5jb2ludGVsZWdyYXBoLmNvbS91cGxvYWRzLzIwMjUtMDgvMDE5OGI4MzgtMGFjNC03Nzg4LWJjMmMtYjczZWZmNGM1MGRi.jpg"" /></p><p>Japan’s FSA is set to approve JPYC as the country’s first yen-pegged stablecoin, a move that could reshape demand for Japanese government bonds.</p>"
Cointelegraph.com News,94% of XRP holders are in profit: Has the price topped?,https://cointelegraph.com/news/94-percent-xrp-holders-are-in-profit-has-price-toppe?utm_source=rss_feed&utm_medium=rss&utm_campaign=rss_partner_inbound,2025-08-17 13:58:48+00:00,"<p style=""float: right; margin: 0 0 10px 15px; width: 240px;""><img alt=""94% of XRP holders are in profit: Has the price topped?"" src=""https://images.cointelegraph.com/images/528_aHR0cHM6Ly9zMy5jb2ludGVsZWdyYXBoLmNvbS91cGxvYWRzLzIwMjQtMTIvMDE5Mzg3MTUtNGYwNS03MDE5LTlhNzAtNGIzN2U2YmY3NDU0.jpg"" /></p><p>XRP price could drop by over 20% in the coming weeks due to multiple onchain indicators hinting at a local top formation.</p>"
Decrypt,"Stablecoin Boom Has Made Crypto Ramps 'Sexier' M&#038;A Targets, Says VanEck VC",https://decrypt.co/335524/stablecoin-boom-made-crypto-ramps-sexier-ma-targets-vaneck-vc,2025-08-17 15:26:23+00:00,VanEck Ventures Managing Partner Juan Lopez thinks on- and off-ramps are getting a stablecoin glow-up following the GENIUS Act's passage.
Decrypt,The 7 Largest Publicly Traded Ethereum Treasury Firms,https://decrypt.co/335519/7-largest-publicly-traded-ethereum-treasury-firms,2025-08-17 17:01:03+00:00,"Publicly traded firms are now stacking Ethereum, pulling in billions of dollars of ETH. These are the largest holders."
Cointelegraph.com News,US should fund Bitcoin strategic reserve with tariff surplus: Author,https://cointelegraph.com/news/us-fund-bitcoin-strategic-reserve-tariff-surplus?utm_source=rss_feed&utm_medium=rss&utm_campaign=rss_partner_inbound,2025-08-17 17:05:36+00:00,"<p style=""float: right; margin: 0 0 10px 15px; width: 240px;""><img alt=""US should fund Bitcoin strategic reserve with tariff surplus: Author"" src=""https://images.cointelegraph.com/images/528_aHR0cHM6Ly9zMy5jb2ludGVsZWdyYXBoLmNvbS91cGxvYWRzLzIwMjUtMDcvMDE5ODVlZWItY2YyMi03NjgxLWIzNjMtNTRlNDNjYTYyYzhh.jpg"" /></p><p>The proposal included geographically distributed multi-signature cold-storage for secure self-custody, proof of reserves, and a budget cap.</p>"
Cointelegraph.com News,Bitcoin risks new 2025 correction as BTC price uptrend starts 7th week,https://cointelegraph.com/news/bitcoin-risks-2025-correction-btc-price-uptrend-starts-7th-week?utm_source=rss_feed&utm_medium=rss&utm_campaign=rss_partner_inbound,2025-08-17 17:14:47+00:00,"<p style=""float: right; margin: 0 0 10px 15px; width: 240px;""><img alt=""Bitcoin risks new 2025 correction as BTC price uptrend starts 7th week"" src=""https://images.cointelegraph.com/images/528_aHR0cHM6Ly9zMy5jb2ludGVsZWdyYXBoLmNvbS91cGxvYWRzLzIwMjUtMDgvMDE5OGI4ZjktYWVmNS03YmQyLWI1NTAtYjcxNzU2NTI1NWFh.jpg"" /></p><p>Bitcoin is almost overdue for another ""price discovery correction"" after six weeks of gains — will BTC price action copy history?</p>"
Cointelegraph.com News,Michael Saylor signals Strategy will buy the Bitcoin dip,https://cointelegraph.com/news/michael-saylor-signals-strategy-buy-bitcoin-dip?utm_source=rss_feed&utm_medium=rss&utm_campaign=rss_partner_inbound,2025-08-17 19:36:00+00:00,"<p style=""float: right; margin: 0 0 10px 15px; width: 240px;""><img alt=""Michael Saylor signals Strategy will buy the Bitcoin dip"" src=""https://images.cointelegraph.com/images/528_aHR0cHM6Ly9zMy5jb2ludGVsZWdyYXBoLmNvbS91cGxvYWRzLzIwMjQtMTIvMDE5M2YxMTItZjRkYS03NmYzLWFiMzctZjcxNmMwZDM3MjEz.jpg"" /></p><p>Saylor signaled an impending Bitcoin purchase by Strategy, as BTC’s price hovers around the $117,000 level, down from the all-time high.</p>"
Decrypt,Apple's Robot Plans Resurface—Here's the Latest,https://decrypt.co/335506/apples-robot-plans-resurface-latest,2025-08-17 20:01:03+00:00,"Apple again is reportedly exploring AI-powered robots, including a tabletop assistant and a lifelike Siri upgrade."
Cointelegraph.com News,"Qubic community, Monero’s 51% attacker, votes to target Dogecoin next",https://cointelegraph.com/news/qubic-monero-51percent-attacker-target-doge-next?utm_source=rss_feed&utm_medium=rss&utm_campaign=rss_partner_inbound,2025-08-17 21:48:39+00:00,"<p style=""float: right; margin: 0 0 10px 15px; width: 240px;""><img alt=""Qubic community, Monero’s 51% attacker, votes to target Dogecoin next"" src=""https://images.cointelegraph.com/images/528_aHR0cHM6Ly9zMy5jb2ludGVsZWdyYXBoLmNvbS91cGxvYWRzLzIwMjUtMDgvMDE5OGI5Y2UtY2JmZi03N2QyLTlhMTQtZWU3Mzk1MmJjYWNi.jpg"" /></p><p>The AI-driven Qubic network’s latest vote signals growing risks for major proof-of-work chains, with Dogecoin chosen as its next focus.</p>"
Cointelegraph.com News,"Altseason’s next step depends on China stimulus, investors’ response to recession fears",https://cointelegraph.com/news/altseason-s-next-step-depends-on-china-stimulus-investors-response-to-recession-fears?utm_source=rss_feed&utm_medium=rss&utm_campaign=rss_partner_inbound,2025-08-17 22:46:57+00:00,"<p style=""float: right; margin: 0 0 10px 15px; width: 240px;""><img alt=""Altseason’s next step depends on China stimulus, investors’ response to recession fears"" src=""https://images.cointelegraph.com/images/528_aHR0cHM6Ly9zMy5jb2ludGVsZWdyYXBoLmNvbS91cGxvYWRzLzIwMjUtMDgvMDE5OGI0Y2ItY2Q3NC03OGIxLWEzZGYtOGJlNzBlY2JkNTBl.jpg"" /></p><p>Central bank stimulus in China and global investors’ response to recession fears will determine if altseason continues.</p>"
"CoinDesk: Bitcoin, Ethereum, Crypto News and Price Data","Asia Morning Briefing: Crypto's Rising Leverage Trades Show Signs of Stress, Galaxy Digital Says",https://www.coindesk.com/markets/2025/08/18/asia-morning-briefing-crypto-s-rising-leverage-trades-show-signs-of-stress-galaxy-digital-says,2025-08-17 23:58:15+00:00,
Cointelegraph.com News,Cryptojacker gets 1 year prison after admitting to $3.5M fraud,https://cointelegraph.com/news/cryptojacker-gets-1-year-for-3-million-fraud-schme?utm_source=rss_feed&utm_medium=rss&utm_campaign=rss_partner_inbound,2025-08-18 01:49:09+00:00,"<p style=""float: right; margin: 0 0 10px 15px; width: 240px;""><img alt=""Cryptojacker gets 1 year prison after admitting to $3.5M fraud"" src=""https://images.cointelegraph.com/images/528_aHR0cHM6Ly9zMy5jb2ludGVsZWdyYXBoLmNvbS91cGxvYWRzLzIwMjUtMDQvMDE5NjU5YTYtMzkzZi03N2M2LWE2NTAtYmM2NzQxYzZhNzkw.jpg"" /></p><p>Charles O. Parks III, who admitted to misusing $3.5 million worth of resources from two cloud computing providers to mine crypto, was sentenced to one year and one day in prison.</p>"
Cointelegraph.com News,Thailand to launch crypto payment sandbox for tourists,https://cointelegraph.com/news/thailand-plans-launch-crypto-payment-tourists?utm_source=rss_feed&utm_medium=rss&utm_campaign=rss_partner_inbound,2025-08-18 03:14:23+00:00,"<p style=""float: right; margin: 0 0 10px 15px; width: 240px;""><img alt=""Thailand to launch crypto payment sandbox for tourists"" src=""https://images.cointelegraph.com/images/528_aHR0cHM6Ly9zMy5jb2ludGVsZWdyYXBoLmNvbS91cGxvYWRzLzIwMjQtMTEvMDE5MzJjODItZDUxZi03ZTA3LTgxZjItYjlhMjdhZjkyY2Ji.jpg"" /></p><p>The Thai government will allow tourists to exchange crypto for Thai baht and make electronic payments through e-money service providers.</p>"
Cointelegraph.com News,Solana hits 100K TPS milestone with stress test transaction spike,https://cointelegraph.com/news/solana-taps-100k-tps-stress-test-dev?utm_source=rss_feed&utm_medium=rss&utm_campaign=rss_partner_inbound,2025-08-18 04:17:03+00:00,"<p style=""float: right; margin: 0 0 10px 15px; width: 240px;""><img alt=""Solana hits 100K TPS milestone with stress test transaction spike"" src=""https://images.cointelegraph.com/images/528_aHR0cHM6Ly9zMy5jb2ludGVsZWdyYXBoLmNvbS91cGxvYWRzLzIwMjUtMDgvMDE5OGJiMTAtOWRiZC03ZWQwLTg2MzMtMmJiNTg1MWY2ZWMx.jpg"" /></p><p>Solana briefly achieved over 100,000 transactions per second, and a developer said the blockchain could ‘theoretically’ eventually perform at 80,000 TPS.</p>"
Cointelegraph.com News,Former Twitter CEO Agrawal emerges with AI startup,https://cointelegraph.com/news/former-twitter-ceo-parag-agrawal-emerges-ai-startup?utm_source=rss_feed&utm_medium=rss&utm_campaign=rss_partner_inbound,2025-08-18 05:07:55+00:00,"<p style=""float: right; margin: 0 0 10px 15px; width: 240px;""><img alt=""Former Twitter CEO Agrawal emerges with AI startup"" src=""https://images.cointelegraph.com/images/528_aHR0cHM6Ly9zMy5jb2ludGVsZWdyYXBoLmNvbS91cGxvYWRzLzIwMjUtMDgvMDE5OGJiMjUtM2NjOS03N2U2LThmYjItZTE2ZGY3MWY4ZTdk.jpg"" /></p><p>Parag Agrawal, the former Twitter CEO ousted by Elon Musk, has launched an AI startup aimed at driving the next wave of AI agent research.</p>"
"CoinDesk: Bitcoin, Ethereum, Crypto News and Price Data",Dogecoin Sellers in Control as Monero Attacker Votes to Target DOGE; Bitcoin Below $116K,https://www.coindesk.com/markets/2025/08/18/dogecoin-sellers-in-control-as-monero-attacker-votes-to-target-doge-bitcoin-below-usd116k,2025-08-18 05:47:16+00:00,
Cointelegraph.com News,EV startup Faraday Future plans multibillion-dollar crypto strategy,https://cointelegraph.com/news/ev-startup-faraday-future-plans-multibillion-dollar-crypto-strategy?utm_source=rss_feed&utm_medium=rss&utm_campaign=rss_partner_inbound,2025-08-18 06:20:42+00:00,"<p style=""float: right; margin: 0 0 10px 15px; width: 240px;""><img alt=""EV startup Faraday Future plans multibillion-dollar crypto strategy"" src=""https://images.cointelegraph.com/images/528_aHR0cHM6Ly9zMy5jb2ludGVsZWdyYXBoLmNvbS91cGxvYWRzLzIwMjUtMDgvMDE5OGJiYWMtMjE0Ny03MmI2LWJmOTEtNjM1MjY0OWQ2MmQ5.jpg"" /></p><p>Faraday Future said it plans to initially buy $30 million worth of crypto, with plans for “tens of billions” more, and is exploring the idea of launching a crypto ETF.</p>"
"CoinDesk: Bitcoin, Ethereum, Crypto News and Price Data","Solana’s SOL, XRP Dive 5% Amid Profit-Taking; Bitcoin Traders Eye Gold Divergence",https://www.coindesk.com/markets/2025/08/18/solana-s-sol-xrp-dive-5-amid-profit-taking-bitcoin-traders-eye-gold-divergence,2025-08-18 06:25:13+00:00,
Cointelegraph.com News,South Korea’s Jeju City targets crypto holdings of alleged tax dodgers,https://cointelegraph.com/news/south-korea-jeju-city-targets-crypto-holdings-alleged-tax-dodgers?utm_source=rss_feed&utm_medium=rss&utm_campaign=rss_partner_inbound,2025-08-18 06:31:25+00:00,"<p style=""float: right; margin: 0 0 10px 15px; width: 240px;""><img alt=""South Korea’s Jeju City targets crypto holdings of alleged tax dodgers"" src=""https://images.cointelegraph.com/images/528_aHR0cHM6Ly9zMy5jb2ludGVsZWdyYXBoLmNvbS91cGxvYWRzLzIwMjQtMTIvMDE5MzgwZWItOTkyNy03ODM4LWE2NmItODU0MjgyMDExNzAx.jpg"" /></p><p>The South Korean government passed laws in 2021 allowing regulators to seize crypto from accused tax delinquents.</p>"
"CoinDesk: Bitcoin, Ethereum, Crypto News and Price Data",Golden Cross Fails to Lift DOGE as Sellers Overwhelm Rally,https://www.coindesk.com/markets/2025/08/18/golden-cross-fails-to-lift-doge-as-sellers-overwhelm-rally,2025-08-18 06:35:31+00:00,
"CoinDesk: Bitcoin, Ethereum, Crypto News and Price Data",Ether Market May Become More Exciting Below $4.2K. Here Is Why.,https://www.coindesk.com/markets/2025/08/18/ether-market-may-become-more-exciting-below-usd4-2k-here-is-why,2025-08-18 07:00:54+00:00,
Cointelegraph.com News,"Hodling in 2025: The most widely used Bitcoin strategy, explained",https://cointelegraph.com/explained/hodling-in-2025-the-most-widely-used-bitcoin-strategy-explained?utm_source=rss_feed&utm_medium=rss&utm_campaign=rss_partner_inbound,2025-08-18 07:10:00+00:00,"<p style=""float: right; margin: 0 0 10px 15px; width: 240px;""><img alt=""Hodling in 2025: The most widely used Bitcoin strategy, explained"" src=""https://images.cointelegraph.com/images/528_aHR0cHM6Ly9zMy5jb2ludGVsZWdyYXBoLmNvbS9zdG9yYWdlL3VwbG9hZHMvdmlldy9lYTgzOGEyNTU0NTY4ZmVmZDI1YTYwMmFlNzcyN2UyMS5qcGc=.jpg"" /></p><p>                        Despite market volatility and evolving investment tools, hodling remains the go-to strategy for Bitcoin believers in 2025.                    </p>"
"CoinDesk: Bitcoin, Ethereum, Crypto News and Price Data","Solana Briefly Hits 100K TPS Under Stress Load, Boosting SOL Appeal",https://www.coindesk.com/markets/2025/08/18/solana-briefly-hits-100k-tps-under-stress-load-boosting-sol-appeal,2025-08-18 07:54:34+00:00,
"CoinDesk: Bitcoin, Ethereum, Crypto News and Price Data","Thailand’s Digital Tourist Wallet Rolls Out, With Crypto Link Still Stuck in Sandbox",https://www.coindesk.com/policy/2025/08/18/thailand-s-tourist-wallet-rolls-out-with-crypto-link-still-stuck-in-sandbox,2025-08-18 08:30:34+00:00,
Cointelegraph.com News,Ether ETFs smash records as crypto products see $3.75B inflows,https://cointelegraph.com/news/crypto-funds-inflows-3-75-billion-ether-etf-trading-volume-record?utm_source=rss_feed&utm_medium=rss&utm_campaign=rss_partner_inbound,2025-08-18 08:50:53+00:00,"<p style=""float: right; margin: 0 0 10px 15px; width: 240px;""><img alt=""Ether ETFs smash records as crypto products see $3.75B inflows"" src=""https://images.cointelegraph.com/images/528_aHR0cHM6Ly9zMy5jb2ludGVsZWdyYXBoLmNvbS91cGxvYWRzLzIwMjUtMDEvMDE5NDc0M2EtNGJhOC03ZDEyLTkzODctYWEzOWRjNGM4ZTc3.jpg"" /></p><p>Ether continued dominating ETP inflows last week despite Bitcoin printing new highs above $124,000 and ETH only nearing all-time highs.</p>"
Cointelegraph.com News,NFT market cap drops by $1.2B as Ether rally loses steam,https://cointelegraph.com/news/nft-market-cap-drops-1-2b-ether-decline?utm_source=rss_feed&utm_medium=rss&utm_campaign=rss_partner_inbound,2025-08-18 08:55:07+00:00,"<p style=""float: right; margin: 0 0 10px 15px; width: 240px;""><img alt=""NFT market cap drops by $1.2B as Ether rally loses steam"" src=""https://images.cointelegraph.com/images/528_aHR0cHM6Ly9zMy5jb2ludGVsZWdyYXBoLmNvbS91cGxvYWRzLzIwMjUtMDEvMDE5NDIwZmUtNjA1YS03ODA0LTliYTktZTA2N2FmNmNjMjAx.jpg"" /></p><p>The NFT market cap dropped 12% to $8.1 billion as Ether fell, with CryptoPunks and Bored Apes sliding while Pudgy Penguins climbed into second place.</p>"
"CoinDesk: Bitcoin, Ethereum, Crypto News and Price Data",Japan's Financial Regulator to Approve First Yen-Denominated Stablecoin: Report,https://www.coindesk.com/policy/2025/08/18/japan-s-financial-regulator-to-approve-first-yen-denominated-stablecoin-report,2025-08-18 09:13:19+00:00,
Decrypt,JPYC Expects to Secure Approval for Japan's First Regulated Yen-Backed Stablecoin,https://decrypt.co/335585/jpyc-expects-to-secure-approval-for-japans-first-regulated-yen-backed-stablecoin,2025-08-18 09:15:49+00:00,"The firm is anticipating approval from Japan’s FSA later this year, bringing the token under the country’s stablecoin framework."
"CoinDesk: Bitcoin, Ethereum, Crypto News and Price Data","Metaplanet Expands Bitcoin Treasury by 775 BTC, Assets Outweigh Debt 18-Fold",https://www.coindesk.com/markets/2025/08/18/metaplanet-expands-bitcoin-treasury-by-775-btc-assets-outweigh-debt-18-fold,2025-08-18 09:34:16+00:00,
Cointelegraph.com News,"Dip buyers ‘stopped the train,&#039; 5 things to know in Bitcoin this week",https://cointelegraph.com/news/dip-buyers-stopped-the-train-5-things-bitcoin-this-week?utm_source=rss_feed&utm_medium=rss&utm_campaign=rss_partner_inbound,2025-08-18 09:51:59+00:00,"<p style=""float: right; margin: 0 0 10px 15px; width: 240px;""><img alt=""Dip buyers ‘stopped the train,&#039; 5 things to know in Bitcoin this week"" src=""https://images.cointelegraph.com/images/528_aHR0cHM6Ly9zMy5jb2ludGVsZWdyYXBoLmNvbS91cGxvYWRzLzIwMjUtMDUvMDE5NjllZTktMmUwMi03NGU4LWE2NWMtYmNhMzhhNDRiNjU3.jpg"" /></p><p>Bitcoin no longer has promising odds of a breakout in coming days as opinions differ on what caused the BTC price dip and what will happen next.</p>"
Cointelegraph.com News,Hong Kong warns of fraud risk after new stablecoin rules,https://cointelegraph.com/news/hong-kong-stablecoin-regulation-fraud-warning?utm_source=rss_feed&utm_medium=rss&utm_campaign=rss_partner_inbound,2025-08-18 09:55:48+00:00,"<p style=""float: right; margin: 0 0 10px 15px; width: 240px;""><img alt=""Hong Kong warns of fraud risk after new stablecoin rules"" src=""https://images.cointelegraph.com/images/528_aHR0cHM6Ly9zMy5jb2ludGVsZWdyYXBoLmNvbS91cGxvYWRzLzIwMjUtMDgvMDE5OGEyZDItZmEyYS03MDhkLWIzY2QtZGQ1MjViNDMxOGM4.jpg"" /></p><p>A Hong Kong SFC official warned that the new local stablecoin framework has fueled fraud risks, and urged investors to remain cautious amid hype-driven speculation.</p>"
"CoinDesk: Bitcoin, Ethereum, Crypto News and Price Data",Bitcoin Drops Below $115K Amid Wave of Profit-Taking,https://www.coindesk.com/markets/2025/08/18/bitcoin-drops-below-usd115k-amid-wave-of-profit-taking,2025-08-18 10:05:43+00:00,
Cointelegraph.com News,Bitcoin price rising wedge breakdown: How low can BTC go?,https://cointelegraph.com/news/btc-price-rising-wedge-breakdown-how-low-can-bitcoin-go?utm_source=rss_feed&utm_medium=rss&utm_campaign=rss_partner_inbound,2025-08-18 10:30:00+00:00,"<p style=""float: right; margin: 0 0 10px 15px; width: 240px;""><img alt=""Bitcoin price rising wedge breakdown: How low can BTC go?"" src=""https://images.cointelegraph.com/images/528_aHR0cHM6Ly9zMy5jb2ludGVsZWdyYXBoLmNvbS91cGxvYWRzLzIwMjUtMDgvMDE5OGJjMGUtMTlhMC03YTdmLThmMDgtMGE0MzE1YTA5NjNl.jpg"" /></p><p>Multiple technical indicators and recent whale activity raise Bitcoin's odds of declining below $100,00 in coming weeks.</p>"
Cointelegraph.com News,Dutch firm Amdax plans Bitcoin treasury listing on Euronext Amsterdam,https://cointelegraph.com/news/dutch-crypto-firm-bitcoin-treasury-amsterdam-s-euronext?utm_source=rss_feed&utm_medium=rss&utm_campaign=rss_partner_inbound,2025-08-18 10:33:05+00:00,"<p style=""float: right; margin: 0 0 10px 15px; width: 240px;""><img alt=""Dutch firm Amdax plans Bitcoin treasury listing on Euronext Amsterdam"" src=""https://images.cointelegraph.com/images/528_aHR0cHM6Ly9zMy5jb2ludGVsZWdyYXBoLmNvbS91cGxvYWRzLzIwMjUtMDgvMDE5OGJjN2QtNWQwNS03OTM4LTg5ZDYtZTY4NTkyOGY5MmU3.jpg"" /></p><p>Amdax is launching a Bitcoin treasury company, aiming for a Euronext listing as more European companies join the growing corporate Bitcoin adoption wave.</p>"
Cointelegraph.com News,93% of all Bitcoin is already mined. Here’s what that means,https://cointelegraph.com/explained/93-of-all-bitcoin-is-already-mined-heres-what-that-means?utm_source=rss_feed&utm_medium=rss&utm_campaign=rss_partner_inbound,2025-08-18 10:35:00+00:00,"<p style=""float: right; margin: 0 0 10px 15px; width: 240px;""><img alt=""93% of all Bitcoin is already mined. Here’s what that means"" src=""https://images.cointelegraph.com/images/528_aHR0cHM6Ly9zMy5jb2ludGVsZWdyYXBoLmNvbS9zdG9yYWdlL3VwbG9hZHMvdmlldy84NzllNGQ1OGEwZWYxZWMxMWQxYjAwMDNmZDgyNjU4NS5qcGc=.jpg"" /></p><p>                        With 93% of all Bitcoin already mined, the race for the remaining coins is intensifying. Here’s how it impacts scarcity, mining rewards and the future of the network.                    </p>"
Decrypt,Bitcoin Slip Triggers $300 Million in Liquidations—What’s Next?,https://decrypt.co/335593/bitcoins-slip-300-million-liquidations-whats-next,2025-08-18 11:04:10+00:00,"Despite Bitcoin’s drop, analysts expect favorable outcomes from key macroeconomic events this week to restart the bull run."
"CoinDesk: Bitcoin, Ethereum, Crypto News and Price Data",Jackson Hole Weighs on Digital Assets: Crypto Daybook Americas,https://www.coindesk.com/daybook-us/2025/08/18/jackson-hole-weighs-on-digital-assets-crypto-daybook-americas,2025-08-18 11:15:00+00:00,
"CoinDesk: Bitcoin, Ethereum, Crypto News and Price Data",Crypto Exchange Bybit Introduces 10x Spot Margin Trading in Europe,https://www.coindesk.com/business/2025/08/18/crypto-exchange-bybit-introduces-10x-spot-margin-trading-in-europe,2025-08-18 11:27:59+00:00,
Decrypt,Crypto Influencer Jailed For $3.5M Cryptojacking Scheme,https://decrypt.co/335594/crypto-influencer-jailed-for-3-5m-cryptojacking-scheme,2025-08-18 11:31:03+00:00,"Charles O. Parks III, aka “CP3O,” oversaw a scheme that presented itself to cloud providers as an education platform while mining crypto."
Cointelegraph.com News,South Korea readies stablecoin framework; bill set for October,https://cointelegraph.com/news/south-korea-won-stablecoin-bill-october-dollar-dependence?utm_source=rss_feed&utm_medium=rss&utm_campaign=rss_partner_inbound,2025-08-18 11:38:22+00:00,"<p style=""float: right; margin: 0 0 10px 15px; width: 240px;""><img alt=""South Korea readies stablecoin framework; bill set for October"" src=""https://images.cointelegraph.com/images/528_aHR0cHM6Ly9zMy5jb2ludGVsZWdyYXBoLmNvbS91cGxvYWRzLzIwMjUtMDYvMDE5N2JlZjQtMGMzOC03ODIwLWE0ZjEtMzA1YjM4OWY3NDNk.jpg"" /></p><p>The FSC will introduce a bill that’s expected to provide guidelines on issuance, collateral management and internal control systems for stablecoins.</p>"
Cointelegraph.com News,XRP price analysis: Bulls are in trouble and must quickly reclaim $3,https://cointelegraph.com/news/xrp-price-analysis-bulls-are-in-trouble-and-must-quickly-reclaim-3?utm_source=rss_feed&utm_medium=rss&utm_campaign=rss_partner_inbound,2025-08-18 11:38:51+00:00,"<p style=""float: right; margin: 0 0 10px 15px; width: 240px;""><img alt=""XRP price analysis: Bulls are in trouble and must quickly reclaim $3"" src=""https://images.cointelegraph.com/images/528_aHR0cHM6Ly9zMy5jb2ludGVsZWdyYXBoLmNvbS91cGxvYWRzLzIwMjUtMDQvMDE5Njg4NzUtNmYwYS03YmYzLTkwOWEtNzNjMDQxMDA2YWFj.jpg"" /></p><p>Low demand-side volume and weakening price technicals could spell trouble for the XRP price, as bulls must reclaim $3 support or face a deeper correction.</p>"
"CoinDesk: Bitcoin, Ethereum, Crypto News and Price Data",Bitcoin in Precarious Position as BTC Price Penetrates Bullish Trendline,https://www.coindesk.com/markets/2025/08/18/btc-in-precarious-position-as-prices-penetrate-bullish-trendline,2025-08-18 11:51:04+00:00,
"CoinDesk: Bitcoin, Ethereum, Crypto News and Price Data",Solo Bitcoin Miner Bags $360K in Rare BTC Block Win,https://www.coindesk.com/markets/2025/08/18/solo-bitcoin-miner-bags-usd360k-in-rare-btc-block-win,2025-08-18 11:55:25+00:00,
"CoinDesk: Bitcoin, Ethereum, Crypto News and Price Data",Markets Today: Crypto Declines as U.S. Index Futures Hold Steady,https://www.coindesk.com/markets/2025/08/18/markets-today-crypto-declines-as-u-s-index-futures-hold-steady,2025-08-18 12:00:00+00:00,
Cointelegraph.com News,Strategy adds $51M in Bitcoin as price hit $124K ahead of sharp dip,https://cointelegraph.com/news/strategy-adds-51m-in-bitcoin-as-btc-hit-124k-ahead-of-dip?utm_source=rss_feed&utm_medium=rss&utm_campaign=rss_partner_inbound,2025-08-18 12:09:04+00:00,"<p style=""float: right; margin: 0 0 10px 15px; width: 240px;""><img alt=""Strategy adds $51M in Bitcoin as price hit $124K ahead of sharp dip"" src=""https://images.cointelegraph.com/images/528_aHR0cHM6Ly9zMy5jb2ludGVsZWdyYXBoLmNvbS91cGxvYWRzLzIwMjUtMDYvMDE5N2JmYjYtNjJmOS03Y2RiLTg5NjItYjM5ZmU4OGI1YzJl.jpg"" /></p><p>Strategy bought $51.4 million in Bitcoin last week as BTC surged to all-time highs above $124,000 on Wednesday, only to dip to $115,000 on Sunday.</p>"
"CoinDesk: Bitcoin, Ethereum, Crypto News and Price Data",Michael Saylor's Strategy Added $51M of Bitcoin Last Week,https://www.coindesk.com/markets/2025/08/18/michael-saylor-s-strategy-added-usd51m-of-bitcoin-last-week,2025-08-18 12:16:44+00:00,
"CoinDesk: Bitcoin, Ethereum, Crypto News and Price Data",TeraWulf Adds Another 10% as Google Lifts Stake,https://www.coindesk.com/markets/2025/08/18/terawulf-adds-another-10-as-google-lifts-stake,2025-08-18 12:29:52+00:00,
Decrypt,"HYPE, SUI Lead Altcoin Losses as Ethereum Dips Under $4,300",https://decrypt.co/335599/hype-sui-lead-altcoin-losses-as-ethereum-dips-under-4300,2025-08-18 12:30:37+00:00,"Analysts called the market move ""a corrective pullback within an uptrend,"" ahead of Thursday’s Jackson Hole Economic Symposium."
Cointelegraph.com News,"Ether trader turns $125K into $43M, locks in $7M after market downturn",https://cointelegraph.com/news/ether-trader-turns-125k-43m-market-downturn?utm_source=rss_feed&utm_medium=rss&utm_campaign=rss_partner_inbound,2025-08-18 12:38:58+00:00,"<p style=""float: right; margin: 0 0 10px 15px; width: 240px;""><img alt=""Ether trader turns $125K into $43M, locks in $7M after market downturn"" src=""https://images.cointelegraph.com/images/528_aHR0cHM6Ly9zMy5jb2ludGVsZWdyYXBoLmNvbS91cGxvYWRzLzIwMjQtMTEvMDE5MzBhNmQtY2Y1ZC03MWY3LTkxNTQtNzY3Nzc0YzRhNzU0.jpg"" /></p><p>A savvy trader turned a $125,000 investment into almost $43 million at its peak, before locking in almost $7 million of profit after the market downturn decreased their long positions.</p>"
Decrypt,Morning Minute: Wall Street Loads Up on Bitcoin,https://decrypt.co/335598/morning-minute-wall-street-loads-up-on-bitcoin,2025-08-18 13:01:04+00:00,"Institutions are buying up Bitcoin, but the average fund manager is barely allocated to crypto. What does it mean?"
Cointelegraph.com News,"Another solo Bitcoin miner hits jackpot with $371,000 block reward",https://cointelegraph.com/news/solo-bitcoin-miner-371k-block-reward-august-2025?utm_source=rss_feed&utm_medium=rss&utm_campaign=rss_partner_inbound,2025-08-18 13:08:07+00:00,"<p style=""float: right; margin: 0 0 10px 15px; width: 240px;""><img alt=""Another solo Bitcoin miner hits jackpot with $371,000 block reward"" src=""https://images.cointelegraph.com/images/528_aHR0cHM6Ly9zMy5jb2ludGVsZWdyYXBoLmNvbS91cGxvYWRzLzIwMjUtMDgvMDE5OGJkMDAtNGU3OC03NmM1LWE1ZjktMjIxNzQwNDQzYzY3.jpg"" /></p><p>ASICKey executive Samuel Li said that solo Bitcoin miners have a one in 650,000 chance of solving a block every 10 minutes with one petahash of hashpower.</p>"
Decrypt,"Metaplanet’s Bitcoin Treasury Swells to 18,888 BTC With Fresh Buy",https://decrypt.co/335603/metaplanets-bitcoin-treasury-swells-to-18888-btc-with-fresh-buy,2025-08-18 13:16:03+00:00,The Japanese firm's latest buy puts its holdings at almost 63% of its Bitcoin acquisition goal for this year.
"CoinDesk: Bitcoin, Ethereum, Crypto News and Price Data","CoinDesk 20 Performance Update: Stellar (XLM) Drops 4.3%, Leading Index Lower",https://www.coindesk.com/coindesk-indices/2025/08/18/coindesk-20-performance-update-stellar-xlm-drops-4-3-leading-index-lower,2025-08-18 13:26:16+00:00,
Cointelegraph.com News,"The real tokenization revolution is in private markets, not public stocks",https://cointelegraph.com/news/tokenization-revolution?utm_source=rss_feed&utm_medium=rss&utm_campaign=rss_partner_inbound,2025-08-18 13:30:00+00:00,"<p style=""float: right; margin: 0 0 10px 15px; width: 240px;""><img alt=""The real tokenization revolution is in private markets, not public stocks"" src=""https://images.cointelegraph.com/images/528_aHR0cHM6Ly9zMy5jb2ludGVsZWdyYXBoLmNvbS91cGxvYWRzLzIwMjUtMDgvMDE5OGE3M2UtMTA1My03Y2Q1LWIxOTQtYzk0ZTgyZjVkMzkz.jpg"" /></p><p>The real tokenization revolution is unfolding in private markets, unlocking access, liquidity and inclusion beyond what public stocks offer.</p>"
"CoinDesk: Bitcoin, Ethereum, Crypto News and Price Data",Golden Cross Signal Fades as XRP Slumps Below $3,https://www.coindesk.com/markets/2025/08/18/golden-cross-signal-fades-as-xrp-slumps-below-usd3,2025-08-18 13:34:16+00:00,
Bitcoin Magazine,"Bitcoin Price Slides Below $115,000 As Strategy And Metaplanet Buys Additional Bitcoin",https://bitcoinmagazine.com/markets/bitcoin-price-slides-below-115000-as-strategy-and-metaplanet-buys-additional-bitcoin,2025-08-18 13:42:57+00:00,"<p><a href=""https://bitcoinmagazine.com"" rel=""nofollow"">Bitcoin Magazine</a><br />
<img src=""https://bitcoinmagazine.com/wp-content/uploads/2025/08/10.4B-Bitcoin-Firm-Unchained-Announces-First-Regulated-Bitcoin-Native-Trust-Company-1.jpg"" style=""display: block; margin: 1em auto;"" /><br />
<a href=""https://bitcoinmagazine.com/markets/bitcoin-price-slides-below-115000-as-strategy-and-metaplanet-buys-additional-bitcoin"" rel=""nofollow"">Bitcoin Price Slides Below $115,000 As Strategy And Metaplanet Buys Additional Bitcoin</a></p>
<p>Bitcoin price dropped below $115,000 as Metaplanet acquired 775 BTC for $93 million at $120,006 per coin, bringing its holdings to 18,888 BTC, while Strategy purchased 430 BTC for $51.4 million, increasing its total to 629,376 BTC.</p>
<p>This post <a href=""https://bitcoinmagazine.com/markets/bitcoin-price-slides-below-115000-as-strategy-and-metaplanet-buys-additional-bitcoin"" rel=""nofollow"">Bitcoin Price Slides Below $115,000 As Strategy And Metaplanet Buys Additional Bitcoin</a> first appeared on <a href=""https://bitcoinmagazine.com"" rel=""nofollow"">Bitcoin Magazine</a> and is written by <a href=""https://bitcoinmagazine.com/authors/vivek-sen-bitcoin"" rel=""nofollow"">Vivek Sen</a>.</p>"
Cointelegraph.com News,China Merchants Bank subsidiary launches crypto exchange in Hong Kong,https://cointelegraph.com/news/china-merchants-bank-hong-kong-crypto-exchange?utm_source=rss_feed&utm_medium=rss&utm_campaign=rss_partner_inbound,2025-08-18 13:45:31+00:00,"<p style=""float: right; margin: 0 0 10px 15px; width: 240px;""><img alt=""China Merchants Bank subsidiary launches crypto exchange in Hong Kong"" src=""https://images.cointelegraph.com/images/528_aHR0cHM6Ly9zMy5jb2ludGVsZWdyYXBoLmNvbS91cGxvYWRzLzIwMjUtMDgvMDE5OGJjOTItMDY5OS03Y2MyLWIyNTQtNDA4ZDk0ZTJhZTc1.jpg"" /></p><p>A China Merchants Bank subsidiary launched a Hong Kong-based crypto exchange for professional investors after securing a virtual asset service provider license.</p>"
Cointelegraph.com News,Here’s what happened in crypto today,https://cointelegraph.com/news/what-happened-in-crypto-today?utm_source=rss_feed&utm_medium=rss&utm_campaign=rss_partner_inbound,2025-08-18 13:52:13+00:00,"<p style=""float: right; margin: 0 0 10px 15px; width: 240px;""><img alt=""Here’s what happened in crypto today"" src=""https://images.cointelegraph.com/images/528_aHR0cHM6Ly9zMy5jb2ludGVsZWdyYXBoLmNvbS91cGxvYWRzLzIwMjUtMDYvMDE5Nzk0MjMtZWY4ZS03YzYwLWI5MzctYjlkZGY3NWZlOGFk.jpg"" /></p><p>Need to know what happened in crypto today? Here is the latest news on daily trends and events impacting Bitcoin price, blockchain, DeFi, NFTs, Web3 and crypto regulation.</p>"
"CoinDesk: Bitcoin, Ethereum, Crypto News and Price Data",Bitcoin Network Hashrate Rose 4% in First Two Weeks of August: JPMorgan,https://www.coindesk.com/markets/2025/08/18/bitcoin-network-hashrate-rose-4-in-first-two-weeks-of-august-jpmorgan,2025-08-18 14:13:51+00:00,
"CoinDesk: Bitcoin, Ethereum, Crypto News and Price Data","BitMine Immersion's Ether Holdings Top $6.6B, Stock Slides 7% Alongside ETH's Tumble",https://www.coindesk.com/business/2025/08/18/bitmine-s-ether-holdings-top-usd6-6b-stock-slides-7-alongside-eth-s-tumble,2025-08-18 14:23:12+00:00,
"CoinDesk: Bitcoin, Ethereum, Crypto News and Price Data","Top Crypto Traders Flip Bearish on BTC, ETH in Major Sentiment Shift",https://www.coindesk.com/markets/2025/08/18/top-crypto-traders-flip-bearish-on-btc-eth-in-major-sentiment-shift,2025-08-18 14:28:38+00:00,
"CoinDesk: Bitcoin, Ethereum, Crypto News and Price Data","BTCS to Pay First-Ever Ether Dividend, Loyalty Bonus to Discourage Short Selling",https://www.coindesk.com/business/2025/08/18/btcs-to-pay-first-ever-ether-dividend-loyalty-bonus-to-discourage-short-selling,2025-08-18 14:41:06+00:00,
"CoinDesk: Bitcoin, Ethereum, Crypto News and Price Data",Core Scientific Faces Valuation Disconnect; PT Hiked to $22: Jefferies,https://www.coindesk.com/markets/2025/08/18/core-scientific-faces-valuation-disconnect-pt-hiked-to-usd22-jefferies,2025-08-18 14:47:39+00:00,
"CoinDesk: Bitcoin, Ethereum, Crypto News and Price Data",Insurance Against Price Slides in BlackRock's Bitcoin ETF Now Costliest Since April Crash,https://www.coindesk.com/markets/2025/08/18/insurance-against-price-slides-in-blackrock-s-bitcoin-etf-now-costliest-since-april-crash,2025-08-18 14:49:13+00:00,
Decrypt,Famed Short Seller Warns Strategy’s $51M Bitcoin Buy Signals Weak Demand for Latest Offering,https://decrypt.co/335607/short-seller-strategy-bitcoin-buy-weak-demand-offering,2025-08-18 15:02:01+00:00,Short-seller James Chanos calls Strategy's latest Bitcoin buy a sign of weak demand and slams Saylor for loosening shareholder protections.
